{"cameraMode":{"drawMode":0,"name":"Shaded","section":"Shading Mode"},"sceneLighting":true,"audioPlay":false,"sceneViewState":{"m_AlwaysRefresh":false,"showFog":true,"showSkybox":true,"showFlares":true,"showImageEffects":true,"showParticleSystems":true,"showVisualEffectGraphs":true,"m_FxEnabled":true},"in2DMode":false,"pivot":{"x":3.4278054237365724,"y":-5.614006996154785,"z":61.744667053222659},"rotation":{"x":-0.16892628371715547,"y":-0.028977666050195695,"z":0.004966570995748043,"w":-0.9852118492126465},"size":42.581939697265628,"orthographic":false}