{"cameraMode":{"drawMode":0,"name":"Shaded","section":"Shading Mode"},"sceneLighting":false,"audioPlay":false,"sceneViewState":{"m_AlwaysRefresh":false,"showFog":true,"showSkybox":false,"showFlares":true,"showImageEffects":true,"showParticleSystems":true,"showVisualEffectGraphs":true,"m_FxEnabled":true},"in2DMode":false,"pivot":{"x":4.9577741622924809,"y":3.8825523853302,"z":1.9489941596984864},"rotation":{"x":0.000554210739210248,"y":0.9992009401321411,"z":-0.014999451115727425,"w":0.038390565663576129},"size":3.973031759262085,"orthographic":false}