{"cameraMode":{"drawMode":0,"name":"Shaded","section":"Shading Mode"},"sceneLighting":false,"audioPlay":false,"sceneViewState":{"m_AlwaysRefresh":false,"showFog":true,"showSkybox":false,"showFlares":true,"showImageEffects":true,"showParticleSystems":true,"showVisualEffectGraphs":true,"m_FxEnabled":true},"in2DMode":false,"pivot":{"x":-1.1920928955078126e-7,"y":0.6514478325843811,"z":-0.0012999773025512696},"rotation":{"x":0.00023729058739263564,"y":-0.9995940327644348,"z":-0.008686655201017857,"w":-0.027890918776392938},"size":1.0798801183700562,"orthographic":false}