{"cameraMode":{"drawMode":0,"name":"Shaded","section":"Shading Mode"},"sceneLighting":false,"audioPlay":false,"sceneViewState":{"m_AlwaysRefresh":false,"showFog":true,"showSkybox":false,"showFlares":true,"showImageEffects":true,"showParticleSystems":true,"showVisualEffectGraphs":true,"m_FxEnabled":true},"in2DMode":false,"pivot":{"x":0.014219343662261963,"y":0.2293691635131836,"z":-0.019943922758102418},"rotation":{"x":0.4097636044025421,"y":0.02848910167813301,"z":-0.012750506401062012,"w":0.9116933941841126},"size":0.3435847759246826,"orthographic":false}