{"cameraMode":{"drawMode":0,"name":"Shaded","section":"Shading Mode"},"sceneLighting":false,"audioPlay":false,"sceneViewState":{"m_AlwaysRefresh":false,"showFog":true,"showSkybox":false,"showFlares":true,"showImageEffects":true,"showParticleSystems":true,"showVisualEffectGraphs":true,"m_FxEnabled":true},"in2DMode":false,"pivot":{"x":0.005789637565612793,"y":0.09230726212263107,"z":0.051842570304870608},"rotation":{"x":0.3721455931663513,"y":-0.021373454481363298,"z":0.00862131081521511,"w":0.9281916618347168},"size":0.8449982404708862,"orthographic":false}