{"cameraMode":{"drawMode":0,"name":"Shaded","section":"Shading Mode"},"sceneLighting":false,"audioPlay":false,"sceneViewState":{"m_AlwaysRefresh":false,"showFog":true,"showSkybox":false,"showFlares":true,"showImageEffects":true,"showParticleSystems":true,"showVisualEffectGraphs":true,"m_FxEnabled":true},"in2DMode":false,"pivot":{"x":0.4892178177833557,"y":0.8728474378585815,"z":-0.19658838212490083},"rotation":{"x":-0.15188340842723847,"y":0.7448961138725281,"z":-0.18134744465351106,"w":-0.623854398727417},"size":0.6641263961791992,"orthographic":false}