{"cameraMode":{"drawMode":0,"name":"Shaded","section":"Shading Mode"},"sceneLighting":false,"audioPlay":false,"sceneViewState":{"m_AlwaysRefresh":false,"showFog":true,"showSkybox":false,"showFlares":true,"showImageEffects":true,"showParticleSystems":true,"showVisualEffectGraphs":true,"m_FxEnabled":true},"in2DMode":false,"pivot":{"x":772.1270751953125,"y":1245.1795654296875,"z":-545.1438598632813},"rotation":{"x":-0.1095840334892273,"y":-0.009843718260526657,"z":0.0010848038364201785,"w":-0.9939295053482056},"size":524.8103637695313,"orthographic":false}