{"cameraMode":{"drawMode":0,"name":"Shaded","section":"Shading Mode"},"sceneLighting":false,"audioPlay":false,"sceneViewState":{"m_AlwaysRefresh":false,"showFog":true,"showSkybox":false,"showFlares":true,"showImageEffects":true,"showParticleSystems":true,"showVisualEffectGraphs":true,"m_FxEnabled":true},"in2DMode":false,"pivot":{"x":19.005159378051759,"y":19.267072677612306,"z":-23.795047760009767},"rotation":{"x":0.024621646851301194,"y":-0.5828073620796204,"z":0.01766880601644516,"w":0.8120517134666443},"size":13.490316390991211,"orthographic":false}