{"cameraMode":{"drawMode":0,"name":"Shaded","section":"Shading Mode"},"sceneLighting":false,"audioPlay":false,"sceneViewState":{"m_AlwaysRefresh":false,"showFog":true,"showSkybox":false,"showFlares":true,"showImageEffects":true,"showParticleSystems":true,"showVisualEffectGraphs":true,"m_FxEnabled":true},"in2DMode":false,"pivot":{"x":0.23891164362430573,"y":0.9814103841781616,"z":-0.4474973678588867},"rotation":{"x":-0.2712043523788452,"y":-0.0340583510696888,"z":0.009638660587370396,"w":-0.9619122743606567},"size":2.3529105186462404,"orthographic":false}