{"cameraMode":{"drawMode":0,"name":"Shaded","section":"Shading Mode"},"sceneLighting":false,"audioPlay":false,"sceneViewState":{"m_AlwaysRefresh":false,"showFog":true,"showSkybox":false,"showFlares":true,"showImageEffects":true,"showParticleSystems":true,"showVisualEffectGraphs":true,"m_FxEnabled":true},"in2DMode":false,"pivot":{"x":-2.9999961853027345,"y":0.490761399269104,"z":-11.027789115905762},"rotation":{"x":0.00023729058739263564,"y":-0.9995940327644348,"z":-0.008686655201017857,"w":-0.027890918776392938},"size":0.8142478466033936,"orthographic":false}