{"cameraMode":{"drawMode":0,"name":"Shaded","section":"Shading Mode"},"sceneLighting":false,"audioPlay":false,"sceneViewState":{"m_AlwaysRefresh":false,"showFog":true,"showSkybox":false,"showFlares":true,"showImageEffects":true,"showParticleSystems":true,"showVisualEffectGraphs":true,"m_FxEnabled":true},"in2DMode":false,"pivot":{"x":0.0432702898979187,"y":0.026065528392791749,"z":-0.4542523920536041},"rotation":{"x":-0.27255141735076907,"y":0.6494038105010986,"z":-0.2694506049156189,"w":-0.6568488478660584},"size":0.5375367999076843,"orthographic":false}