{"cameraMode":{"drawMode":0,"name":"Shaded","section":"Shading Mode"},"sceneLighting":false,"audioPlay":false,"sceneViewState":{"m_AlwaysRefresh":false,"showFog":true,"showSkybox":false,"showFlares":true,"showImageEffects":true,"showParticleSystems":true,"showVisualEffectGraphs":true,"m_FxEnabled":true},"in2DMode":false,"pivot":{"x":-2.3226382732391359,"y":4.772213935852051,"z":-6.564785957336426},"rotation":{"x":-0.22049474716186524,"y":-0.0008782269433140755,"z":0.0002037075173575431,"w":-0.9754438996315002},"size":5.698340892791748,"orthographic":false}