{"cameraMode":{"drawMode":0,"name":"Shaded","section":"Shading Mode"},"sceneLighting":false,"audioPlay":false,"sceneViewState":{"m_AlwaysRefresh":false,"showFog":true,"showSkybox":false,"showFlares":true,"showImageEffects":true,"showParticleSystems":true,"showVisualEffectGraphs":true,"m_FxEnabled":true},"in2DMode":false,"pivot":{"x":-0.017695724964141847,"y":0.04654098302125931,"z":0.010629236698150635},"rotation":{"x":-0.31571832299232485,"y":-0.12307766079902649,"z":0.04133910685777664,"w":-0.9400736689567566},"size":0.6641263961791992,"orthographic":false}