{"cameraMode":{"drawMode":0,"name":"Shaded","section":"Shading Mode"},"sceneLighting":false,"audioPlay":false,"sceneViewState":{"m_AlwaysRefresh":false,"showFog":true,"showSkybox":false,"showFlares":true,"showImageEffects":true,"showParticleSystems":true,"showVisualEffectGraphs":true,"m_FxEnabled":true},"in2DMode":false,"pivot":{"x":0.07855623960494995,"y":0.10529005527496338,"z":0.010033726692199707},"rotation":{"x":-0.27255141735076907,"y":0.6494038105010986,"z":-0.2694506049156189,"w":-0.6568488478660584},"size":2.214489221572876,"orthographic":false}