{"cameraMode":{"drawMode":0,"name":"Shaded","section":"Shading Mode"},"sceneLighting":false,"audioPlay":false,"sceneViewState":{"m_AlwaysRefresh":false,"showFog":true,"showSkybox":false,"showFlares":true,"showImageEffects":true,"showParticleSystems":true,"showVisualEffectGraphs":true,"m_FxEnabled":true},"in2DMode":false,"pivot":{"x":-5.960464477539063e-8,"y":0.34281155467033389,"z":-0.044819772243499759},"rotation":{"x":0.007811818737536669,"y":0.8508498072624207,"z":-0.5257771611213684,"w":0.012833994813263417},"size":0.5071457028388977,"orthographic":false}