{"cameraMode":{"drawMode":0,"name":"Shaded","section":"Shading Mode"},"sceneLighting":false,"audioPlay":false,"sceneViewState":{"m_AlwaysRefresh":false,"showFog":true,"showSkybox":false,"showFlares":true,"showImageEffects":true,"showParticleSystems":true,"showVisualEffectGraphs":true,"m_FxEnabled":true},"in2DMode":false,"pivot":{"x":-5.960464477539063e-8,"y":0.9061836004257202,"z":0.01872149109840393},"rotation":{"x":0.00023729058739263564,"y":-0.9995940327644348,"z":-0.008686655201017857,"w":-0.027890918776392938},"size":1.6477925777435303,"orthographic":false}