{"cameraMode":{"drawMode":0,"name":"Shaded","section":"Shading Mode"},"sceneLighting":true,"audioPlay":false,"sceneViewState":{"m_AlwaysRefresh":false,"showFog":true,"showSkybox":false,"showFlares":true,"showImageEffects":true,"showParticleSystems":true,"showVisualEffectGraphs":true,"m_FxEnabled":true},"in2DMode":false,"pivot":{"x":345.619384765625,"y":2394.326904296875,"z":-487.7156677246094},"rotation":{"x":-0.0077948239631950859,"y":-0.060863349586725238,"z":0.00047751859528943896,"w":-0.998124361038208},"size":56.94999694824219,"orthographic":false}