{"cameraMode":{"drawMode":0,"name":"Shaded","section":"Shading Mode"},"sceneLighting":false,"audioPlay":false,"sceneViewState":{"m_AlwaysRefresh":false,"showFog":true,"showSkybox":false,"showFlares":true,"showImageEffects":true,"showParticleSystems":true,"showVisualEffectGraphs":true,"m_FxEnabled":true},"in2DMode":false,"pivot":{"x":-0.04054178670048714,"y":-0.008295536041259766,"z":0.013390511274337769},"rotation":{"x":-0.010583638213574887,"y":0.9597012400627136,"z":-0.279610276222229,"w":-0.03595742955803871},"size":0.3010721504688263,"orthographic":false}