{"cameraMode":{"drawMode":0,"name":"Shaded","section":"Shading Mode"},"sceneLighting":false,"audioPlay":false,"sceneViewState":{"m_AlwaysRefresh":false,"showFog":true,"showSkybox":false,"showFlares":true,"showImageEffects":true,"showParticleSystems":true,"showVisualEffectGraphs":true,"m_FxEnabled":true},"in2DMode":false,"pivot":{"x":-0.19977188110351563,"y":0.530205488204956,"z":0.04837644100189209},"rotation":{"x":-0.20046518743038178,"y":0.08104168623685837,"z":-0.016638481989502908,"w":-0.9763356447219849},"size":1.9375627040863038,"orthographic":false}