{"cameraMode":{"drawMode":0,"name":"Shaded","section":"Shading Mode"},"sceneLighting":false,"audioPlay":false,"sceneViewState":{"m_AlwaysRefresh":false,"showFog":true,"showSkybox":false,"showFlares":true,"showImageEffects":true,"showParticleSystems":true,"showVisualEffectGraphs":true,"m_FxEnabled":true},"in2DMode":false,"pivot":{"x":-0.047976166009902957,"y":-0.006061196327209473,"z":0.12065881490707398},"rotation":{"x":-0.44938573241233828,"y":-0.0490097738802433,"z":0.024689210578799249,"w":-0.8917110562324524},"size":0.7331969141960144,"orthographic":false}