{"cameraMode":{"drawMode":0,"name":"Shaded","section":"Shading Mode"},"sceneLighting":false,"audioPlay":false,"sceneViewState":{"m_AlwaysRefresh":false,"showFog":true,"showSkybox":false,"showFlares":true,"showImageEffects":true,"showParticleSystems":true,"showVisualEffectGraphs":true,"m_FxEnabled":true},"in2DMode":false,"pivot":{"x":-0.006234645843505859,"y":0.10312128067016602,"z":0.015170499682426453},"rotation":{"x":0.3721455931663513,"y":-0.021373454481363298,"z":0.00862131081521511,"w":0.9281916618347168},"size":0.29276472330093386,"orthographic":false}