{"cameraMode":{"drawMode":0,"name":"Shaded","section":"Shading Mode"},"sceneLighting":false,"audioPlay":false,"sceneViewState":{"m_AlwaysRefresh":false,"showFog":true,"showSkybox":false,"showFlares":true,"showImageEffects":true,"showParticleSystems":true,"showVisualEffectGraphs":true,"m_FxEnabled":true},"in2DMode":false,"pivot":{"x":0.005789637565612793,"y":0.09230726212263107,"z":0.051842570304870608},"rotation":{"x":-0.4187278747558594,"y":0.018131662160158159,"z":-0.008008260279893875,"w":-0.908183753490448},"size":0.8449982404708862,"orthographic":false}