{"cameraMode":{"drawMode":0,"name":"Shaded","section":"Shading Mode"},"sceneLighting":false,"audioPlay":false,"sceneViewState":{"m_AlwaysRefresh":false,"showFog":true,"showSkybox":false,"showFlares":true,"showImageEffects":true,"showParticleSystems":true,"showVisualEffectGraphs":true,"m_FxEnabled":true},"in2DMode":false,"pivot":{"x":0.19313070178031922,"y":1.622185468673706,"z":-0.1439657211303711},"rotation":{"x":-0.3331177830696106,"y":-0.06893368810415268,"z":0.02441166527569294,"w":-0.9401848912239075},"size":2.2208263874053957,"orthographic":false}