{"cameraMode":{"drawMode":0,"name":"Shaded","section":"Shading Mode"},"sceneLighting":false,"audioPlay":false,"sceneViewState":{"m_AlwaysRefresh":false,"showFog":true,"showSkybox":false,"showFlares":true,"showImageEffects":true,"showParticleSystems":true,"showVisualEffectGraphs":true,"m_FxEnabled":true},"in2DMode":false,"pivot":{"x":-1.1920928955078126e-7,"y":0.900822103023529,"z":0.025584012269973756},"rotation":{"x":-0.44466617703437807,"y":-0.007520898710936308,"z":0.0037433078978210689,"w":-0.8956764340400696},"size":1.4702409505844117,"orthographic":false}