{"cameraMode":{"drawMode":0,"name":"Shaded","section":"Shading Mode"},"sceneLighting":false,"audioPlay":false,"sceneViewState":{"m_AlwaysRefresh":false,"showFog":true,"showSkybox":false,"showFlares":true,"showImageEffects":true,"showParticleSystems":true,"showVisualEffectGraphs":true,"m_FxEnabled":true},"in2DMode":false,"pivot":{"x":0.10345029830932617,"y":2.488691806793213,"z":0.10746288299560547},"rotation":{"x":0.4097636044025421,"y":0.02848910167813301,"z":-0.012750506401062012,"w":0.9116933941841126},"size":4.71646785736084,"orthographic":false}