{"cameraMode":{"drawMode":0,"name":"Shaded","section":"Shading Mode"},"sceneLighting":false,"audioPlay":false,"sceneViewState":{"m_AlwaysRefresh":false,"showFog":true,"showSkybox":false,"showFlares":true,"showImageEffects":true,"showParticleSystems":true,"showVisualEffectGraphs":true,"m_FxEnabled":true},"in2DMode":false,"pivot":{"x":0.019201010465621949,"y":0.012322798371315003,"z":0.42965346574783327},"rotation":{"x":0.12359245866537094,"y":-0.6438868641853333,"z":0.1064000129699707,"w":0.7475840449333191},"size":0.7268217206001282,"orthographic":false}