{"cameraMode":{"drawMode":0,"name":"Shaded","section":"Shading Mode"},"sceneLighting":false,"audioPlay":false,"sceneViewState":{"m_AlwaysRefresh":false,"showFog":true,"showSkybox":false,"showFlares":true,"showImageEffects":true,"showParticleSystems":true,"showVisualEffectGraphs":true,"m_FxEnabled":true},"in2DMode":false,"pivot":{"x":-5.960464477539063e-8,"y":0.7952786684036255,"z":0.043653011322021487},"rotation":{"x":0.307229608297348,"y":0.0156863983720541,"z":-0.005098897498100996,"w":0.9515432715415955},"size":1.4344165325164796,"orthographic":false}