{"cameraMode":{"drawMode":0,"name":"Shaded","section":"Shading Mode"},"sceneLighting":false,"audioPlay":false,"sceneViewState":{"m_AlwaysRefresh":false,"showFog":true,"showSkybox":false,"showFlares":true,"showImageEffects":true,"showParticleSystems":true,"showVisualEffectGraphs":true,"m_FxEnabled":true},"in2DMode":false,"pivot":{"x":3.3053321838378908,"y":8.918914794921875,"z":-13.854835510253907},"rotation":{"x":-0.23795287311077119,"y":0.022435205057263376,"z":-0.005492472089827061,"w":-0.97105872631073},"size":0.26290297508239748,"orthographic":false}