{"cameraMode":{"drawMode":0,"name":"Shaded","section":"Shading Mode"},"sceneLighting":false,"audioPlay":false,"sceneViewState":{"m_AlwaysRefresh":false,"showFog":true,"showSkybox":false,"showFlares":true,"showImageEffects":true,"showParticleSystems":true,"showVisualEffectGraphs":true,"m_FxEnabled":true},"in2DMode":false,"pivot":{"x":-0.0011416077613830567,"y":1.065770149230957,"z":-5.960464477539063e-8},"rotation":{"x":-0.28566300868988039,"y":0.44132399559020998,"z":-0.1501321941614151,"w":-0.8376101851463318},"size":1.1687195301055909,"orthographic":false}