{"cameraMode":{"drawMode":0,"name":"Shaded","section":"Shading Mode"},"sceneLighting":false,"audioPlay":false,"sceneViewState":{"m_AlwaysRefresh":false,"showFog":true,"showSkybox":false,"showFlares":true,"showImageEffects":true,"showParticleSystems":true,"showVisualEffectGraphs":true,"m_FxEnabled":true},"in2DMode":false,"pivot":{"x":-1.3092586994171143,"y":1.6802562475204468,"z":0.8836014270782471},"rotation":{"x":-0.4885478615760803,"y":0.022767290472984315,"z":-0.012750226072967053,"w":-0.8721593618392944},"size":4.6450419425964359,"orthographic":false}