{"cameraMode":{"drawMode":0,"name":"Shaded","section":"Shading Mode"},"sceneLighting":false,"audioPlay":false,"sceneViewState":{"m_AlwaysRefresh":false,"showFog":true,"showSkybox":false,"showFlares":true,"showImageEffects":true,"showParticleSystems":true,"showVisualEffectGraphs":true,"m_FxEnabled":true},"in2DMode":false,"pivot":{"x":-5.960464477539063e-8,"y":0.5378265380859375,"z":0.0007704496383666992},"rotation":{"x":0.002110755769535899,"y":0.9976648688316345,"z":-0.05874055251479149,"w":0.0362345315515995},"size":1.022997260093689,"orthographic":false}