{"cameraMode":{"drawMode":0,"name":"Shaded","section":"Shading Mode"},"sceneLighting":false,"audioPlay":false,"sceneViewState":{"m_AlwaysRefresh":false,"showFog":true,"showSkybox":false,"showFlares":true,"showImageEffects":true,"showParticleSystems":true,"showVisualEffectGraphs":true,"m_FxEnabled":true},"in2DMode":false,"pivot":{"x":0.9605416059494019,"y":1.5662304162979127,"z":0.5116913318634033},"rotation":{"x":-0.25752031803131106,"y":-0.4847593307495117,"z":0.15189215540885926,"w":-0.8220090270042419},"size":1.372046947479248,"orthographic":false}