{"cameraMode":{"drawMode":0,"name":"Shaded","section":"Shading Mode"},"sceneLighting":false,"audioPlay":false,"sceneViewState":{"m_AlwaysRefresh":false,"showFog":true,"showSkybox":false,"showFlares":true,"showImageEffects":true,"showParticleSystems":true,"showVisualEffectGraphs":true,"m_FxEnabled":true},"in2DMode":false,"pivot":{"x":0.13849404454231263,"y":-0.511813759803772,"z":-0.011501620523631573},"rotation":{"x":0.1380677968263626,"y":0.6353809833526611,"z":-0.11675797402858734,"w":0.7508043050765991},"size":0.7086899280548096,"orthographic":false}