{"cameraMode":{"drawMode":0,"name":"Shaded","section":"Shading Mode"},"sceneLighting":false,"audioPlay":false,"sceneViewState":{"m_AlwaysRefresh":false,"showFog":true,"showSkybox":false,"showFlares":true,"showImageEffects":true,"showParticleSystems":true,"showVisualEffectGraphs":true,"m_FxEnabled":true},"in2DMode":false,"pivot":{"x":0.8751335740089417,"y":2.014678955078125,"z":0.4794985353946686},"rotation":{"x":-0.025780213996767999,"y":-0.9023182392120361,"z":0.054483409970998767,"w":-0.4268845021724701},"size":1.4344165325164796,"orthographic":false}