{"cameraMode":{"drawMode":0,"name":"Shaded","section":"Shading Mode"},"sceneLighting":false,"audioPlay":false,"sceneViewState":{"m_AlwaysRefresh":false,"showFog":true,"showSkybox":false,"showFlares":true,"showImageEffects":true,"showParticleSystems":true,"showVisualEffectGraphs":true,"m_FxEnabled":true},"in2DMode":false,"pivot":{"x":-0.6770473718643189,"y":0.599541962146759,"z":-2.9802322387695315e-8},"rotation":{"x":-0.31571832299232485,"y":-0.12307766079902649,"z":0.04133910685777664,"w":-0.9400736689567566},"size":0.7195655107498169,"orthographic":false}