{"cameraMode":{"drawMode":0,"name":"Shaded","section":"Shading Mode"},"sceneLighting":false,"audioPlay":false,"sceneViewState":{"m_AlwaysRefresh":false,"showFog":true,"showSkybox":false,"showFlares":true,"showImageEffects":true,"showParticleSystems":true,"showVisualEffectGraphs":true,"m_FxEnabled":true},"in2DMode":false,"pivot":{"x":-0.01703697443008423,"y":0.09230726957321167,"z":-0.025668680667877198},"rotation":{"x":-0.20576012134552003,"y":0.025539077818393709,"z":-0.00536881061270833,"w":-0.9782633185386658},"size":0.8167428374290466,"orthographic":false}