{"cameraMode":{"drawMode":0,"name":"Shaded","section":"Shading Mode"},"sceneLighting":false,"audioPlay":false,"sceneViewState":{"m_AlwaysRefresh":false,"showFog":true,"showSkybox":false,"showFlares":true,"showImageEffects":true,"showParticleSystems":true,"showVisualEffectGraphs":true,"m_FxEnabled":true},"in2DMode":false,"pivot":{"x":-0.0717039629817009,"y":-1.1631050109863282,"z":2.5526816844940187},"rotation":{"x":-0.15562784671783448,"y":-0.026077281683683397,"z":0.0041144536808133129,"w":-0.9875187277793884},"size":3.069195032119751,"orthographic":false}