{"cameraMode":{"drawMode":0,"name":"Shaded","section":"Shading Mode"},"sceneLighting":false,"audioPlay":false,"sceneViewState":{"m_AlwaysRefresh":false,"showFog":true,"showSkybox":false,"showFlares":true,"showImageEffects":true,"showParticleSystems":true,"showVisualEffectGraphs":true,"m_FxEnabled":true},"in2DMode":false,"pivot":{"x":0.0034303665161132814,"y":0.5400000214576721,"z":0.2755112648010254},"rotation":{"x":-0.25067684054374697,"y":0.3796076774597168,"z":-0.10764071345329285,"w":-0.8840196132659912},"size":3.6717872619628908,"orthographic":false}