{"cameraMode":{"drawMode":0,"name":"Shaded","section":"Shading Mode"},"sceneLighting":false,"audioPlay":false,"sceneViewState":{"m_AlwaysRefresh":false,"showFog":true,"showSkybox":false,"showFlares":true,"showImageEffects":true,"showParticleSystems":true,"showVisualEffectGraphs":true,"m_FxEnabled":true},"in2DMode":false,"pivot":{"x":-0.006234645843505859,"y":0.10312128067016602,"z":0.015170499682426453},"rotation":{"x":-0.4187278747558594,"y":0.018131662160158159,"z":-0.008008260279893875,"w":-0.908183753490448},"size":0.29276472330093386,"orthographic":false}