{"cameraMode":{"drawMode":0,"name":"Shaded","section":"Shading Mode"},"sceneLighting":false,"audioPlay":false,"sceneViewState":{"m_AlwaysRefresh":false,"showFog":true,"showSkybox":false,"showFlares":true,"showImageEffects":true,"showParticleSystems":true,"showVisualEffectGraphs":true,"m_FxEnabled":true},"in2DMode":false,"pivot":{"x":-0.3642328381538391,"y":5.971397399902344,"z":143.61756896972657},"rotation":{"x":-0.00867712963372469,"y":0.05278562009334564,"z":0.0004913443699479103,"w":0.9986482262611389},"size":6.157005310058594,"orthographic":false}