{"cameraMode":{"drawMode":0,"name":"Shaded","section":"Shading Mode"},"sceneLighting":false,"audioPlay":false,"sceneViewState":{"m_AlwaysRefresh":false,"showFog":true,"showSkybox":false,"showFlares":true,"showImageEffects":true,"showParticleSystems":true,"showVisualEffectGraphs":true,"m_FxEnabled":true},"in2DMode":false,"pivot":{"x":4.940000057220459,"y":2.69352388381958,"z":1.7690000534057618},"rotation":{"x":0.000554210739210248,"y":0.9992009401321411,"z":-0.014999451115727425,"w":0.038390565663576129},"size":2.8625669479370119,"orthographic":false}