{"cameraMode":{"drawMode":0,"name":"Shaded","section":"Shading Mode"},"sceneLighting":false,"audioPlay":false,"sceneViewState":{"m_AlwaysRefresh":false,"showFog":true,"showSkybox":false,"showFlares":true,"showImageEffects":true,"showParticleSystems":true,"showVisualEffectGraphs":true,"m_FxEnabled":true},"in2DMode":false,"pivot":{"x":-0.30965566635131838,"y":1.9881231784820557,"z":0.5037813186645508},"rotation":{"x":-0.2664104104042053,"y":-0.47310954332351687,"z":0.15258513391017915,"w":-0.8259403705596924},"size":1.8928998708724976,"orthographic":false}