{"cameraMode":{"drawMode":0,"name":"Shaded","section":"Shading Mode"},"sceneLighting":true,"audioPlay":false,"sceneViewState":{"m_AlwaysRefresh":false,"showFog":true,"showSkybox":true,"showFlares":true,"showImageEffects":true,"showParticleSystems":true,"showVisualEffectGraphs":true,"m_FxEnabled":true},"in2DMode":false,"pivot":{"x":-2.4671473503112795,"y":1.0936591625213624,"z":132.66940307617188},"rotation":{"x":-0.39761096239089968,"y":-0.0016545981634408236,"z":0.0007157801301218569,"w":-0.9175592064857483},"size":6.138392925262451,"orthographic":false}