{"cameraMode":{"drawMode":0,"name":"Shaded","section":"Shading Mode"},"sceneLighting":false,"audioPlay":false,"sceneViewState":{"m_AlwaysRefresh":false,"showFog":true,"showSkybox":false,"showFlares":true,"showImageEffects":true,"showParticleSystems":true,"showVisualEffectGraphs":true,"m_FxEnabled":true},"in2DMode":false,"pivot":{"x":-2.9802322387695315e-8,"y":0.6575579643249512,"z":-0.00827711820602417},"rotation":{"x":-0.025780213996767999,"y":-0.9023182392120361,"z":0.054483409970998767,"w":-0.4268845021724701},"size":1.112770915031433,"orthographic":false}