{"cameraMode":{"drawMode":0,"name":"Shaded","section":"Shading Mode"},"sceneLighting":false,"audioPlay":false,"sceneViewState":{"m_AlwaysRefresh":false,"showFog":true,"showSkybox":false,"showFlares":true,"showImageEffects":true,"showParticleSystems":true,"showVisualEffectGraphs":true,"m_FxEnabled":true},"in2DMode":false,"pivot":{"x":682.8992309570313,"y":311.68670654296877,"z":353.0651550292969},"rotation":{"x":-0.10632338374853134,"y":-0.07242345809936524,"z":0.007765087299048901,"w":-0.9916602373123169},"size":531.6026611328125,"orthographic":false}