{"cameraMode":{"drawMode":0,"name":"Shaded","section":"Shading Mode"},"sceneLighting":false,"audioPlay":false,"sceneViewState":{"m_AlwaysRefresh":false,"showFog":true,"showSkybox":false,"showFlares":true,"showImageEffects":true,"showParticleSystems":true,"showVisualEffectGraphs":true,"m_FxEnabled":true},"in2DMode":false,"pivot":{"x":0.5621312260627747,"y":0.39303556084632876,"z":-0.4924648404121399},"rotation":{"x":-0.1865391880273819,"y":0.21382583677768708,"z":-0.04163249954581261,"w":-0.9580007791519165},"size":0.29276472330093386,"orthographic":false}