{"cameraMode":{"drawMode":0,"name":"Shaded","section":"Shading Mode"},"sceneLighting":false,"audioPlay":false,"sceneViewState":{"m_AlwaysRefresh":false,"showFog":true,"showSkybox":false,"showFlares":true,"showImageEffects":true,"showParticleSystems":true,"showVisualEffectGraphs":true,"m_FxEnabled":true},"in2DMode":false,"pivot":{"x":-0.0002747774124145508,"y":1.0575505495071412,"z":0.0058953166007995609},"rotation":{"x":-0.4050843417644501,"y":-0.006556500215083361,"z":0.0029467125423252584,"w":-0.9144355058670044},"size":1.9004861116409302,"orthographic":false}