{"cameraMode":{"drawMode":0,"name":"Shaded","section":"Shading Mode"},"sceneLighting":false,"audioPlay":false,"sceneViewState":{"m_AlwaysRefresh":false,"showFog":true,"showSkybox":false,"showFlares":true,"showImageEffects":true,"showParticleSystems":true,"showVisualEffectGraphs":true,"m_FxEnabled":true},"in2DMode":false,"pivot":{"x":0.24466252326965333,"y":2.586775064468384,"z":2.015552043914795},"rotation":{"x":0.4097636044025421,"y":0.02848910167813301,"z":-0.012750506401062012,"w":0.9116933941841126},"size":6.868652820587158,"orthographic":false}