{"cameraMode":{"drawMode":0,"name":"Shaded","section":"Shading Mode"},"sceneLighting":false,"audioPlay":false,"sceneViewState":{"m_AlwaysRefresh":false,"showFog":true,"showSkybox":false,"showFlares":true,"showImageEffects":true,"showParticleSystems":true,"showVisualEffectGraphs":true,"m_FxEnabled":true},"in2DMode":false,"pivot":{"x":4.940000057220459,"y":4.040286064147949,"z":1.7690000534057618},"rotation":{"x":0.14706246554851533,"y":0.08947953581809998,"z":-0.013359729200601578,"w":0.9849821925163269},"size":4.293850421905518,"orthographic":false}