{"cameraMode":{"drawMode":0,"name":"Shaded","section":"Shading Mode"},"sceneLighting":false,"audioPlay":false,"sceneViewState":{"m_AlwaysRefresh":false,"showFog":true,"showSkybox":false,"showFlares":true,"showImageEffects":true,"showParticleSystems":true,"showVisualEffectGraphs":true,"m_FxEnabled":true},"in2DMode":false,"pivot":{"x":-0.13291937112808228,"y":1.8984041213989258,"z":-0.022757917642593385},"rotation":{"x":-0.27255141735076907,"y":0.6494038105010986,"z":-0.2694506049156189,"w":-0.6568488478660584},"size":2.242090940475464,"orthographic":false}