{"cameraMode":{"drawMode":0,"name":"Shaded","section":"Shading Mode"},"sceneLighting":false,"audioPlay":false,"sceneViewState":{"m_AlwaysRefresh":false,"showFog":true,"showSkybox":false,"showFlares":true,"showImageEffects":true,"showParticleSystems":true,"showVisualEffectGraphs":true,"m_FxEnabled":true},"in2DMode":false,"pivot":{"x":-0.12288433313369751,"y":1.060551643371582,"z":-0.30176544189453127},"rotation":{"x":-0.023856401443481447,"y":0.9569919109344482,"z":-0.2772698700428009,"w":-0.08230863511562348},"size":1.183521032333374,"orthographic":false}