{"cameraMode":{"drawMode":0,"name":"Shaded","section":"Shading Mode"},"sceneLighting":false,"audioPlay":false,"sceneViewState":{"m_AlwaysRefresh":false,"showFog":true,"showSkybox":false,"showFlares":true,"showImageEffects":true,"showParticleSystems":true,"showVisualEffectGraphs":true,"m_FxEnabled":true},"in2DMode":false,"pivot":{"x":-0.36137068271636965,"y":0.0024755746126174928,"z":0.573371410369873},"rotation":{"x":-0.2550892233848572,"y":0.11483287811279297,"z":-0.03053501434624195,"w":-0.959645688533783},"size":6.381004333496094,"orthographic":false}