{"cameraMode":{"drawMode":0,"name":"Shaded","section":"Shading Mode"},"sceneLighting":true,"audioPlay":false,"sceneViewState":{"m_AlwaysRefresh":false,"showFog":true,"showSkybox":true,"showFlares":true,"showImageEffects":true,"showParticleSystems":true,"showVisualEffectGraphs":true,"m_FxEnabled":true},"in2DMode":false,"pivot":{"x":0.6181896924972534,"y":2.6148176193237306,"z":0.16105246543884278},"rotation":{"x":0.014699006453156472,"y":0.9694228172302246,"z":-0.23755206167697907,"w":0.059989284723997119},"size":0.9221175909042358,"orthographic":false}