{"cameraMode":{"drawMode":0,"name":"Shaded","section":"Shading Mode"},"sceneLighting":true,"audioPlay":false,"sceneViewState":{"m_AlwaysRefresh":false,"showFog":true,"showSkybox":true,"showFlares":true,"showImageEffects":true,"showParticleSystems":true,"showVisualEffectGraphs":true,"m_FxEnabled":true},"in2DMode":false,"pivot":{"x":0.7477931976318359,"y":7.700624942779541,"z":-5.050632476806641},"rotation":{"x":0.15734778344631196,"y":0.20920899510383607,"z":-0.03413039818406105,"w":0.9645283222198486},"size":34.243595123291019,"orthographic":false}