{"cameraMode":{"drawMode":0,"name":"Shaded","section":"Shading Mode"},"sceneLighting":false,"audioPlay":false,"sceneViewState":{"m_AlwaysRefresh":false,"showFog":true,"showSkybox":false,"showFlares":true,"showImageEffects":true,"showParticleSystems":true,"showVisualEffectGraphs":true,"m_FxEnabled":true},"in2DMode":false,"pivot":{"x":-5.960464477539063e-8,"y":0.7917977571487427,"z":0.02699047327041626},"rotation":{"x":-0.026146646589040757,"y":-0.9325221180915833,"z":0.06895378232002258,"w":-0.3535560071468353},"size":1.347741723060608,"orthographic":false}