{"cameraMode":{"drawMode":0,"name":"Shaded","section":"Shading Mode"},"sceneLighting":true,"audioPlay":false,"sceneViewState":{"m_AlwaysRefresh":false,"showFog":true,"showSkybox":true,"showFlares":true,"showImageEffects":true,"showParticleSystems":true,"showVisualEffectGraphs":true,"m_FxEnabled":true},"in2DMode":false,"pivot":{"x":8.089859008789063,"y":7.849054336547852,"z":2.7423245906829836},"rotation":{"x":-0.18932464718818665,"y":-0.058294497430324557,"z":0.0112485745921731,"w":-0.9801371693611145},"size":11.625021934509278,"orthographic":false}