{"cameraMode":{"drawMode":0,"name":"Shaded","section":"Shading Mode"},"sceneLighting":false,"audioPlay":false,"sceneViewState":{"m_AlwaysRefresh":false,"showFog":true,"showSkybox":false,"showFlares":true,"showImageEffects":true,"showParticleSystems":true,"showVisualEffectGraphs":true,"m_FxEnabled":true},"in2DMode":false,"pivot":{"x":0.033614158630371097,"y":1.4320697784423829,"z":-0.5439939498901367},"rotation":{"x":-0.3331177830696106,"y":-0.06893368810415268,"z":0.02441166527569294,"w":-0.9401848912239075},"size":1.7536052465438843,"orthographic":false}