{"cameraMode":{"drawMode":0,"name":"Shaded","section":"Shading Mode"},"sceneLighting":false,"audioPlay":false,"sceneViewState":{"m_AlwaysRefresh":false,"showFog":true,"showSkybox":false,"showFlares":true,"showImageEffects":true,"showParticleSystems":true,"showVisualEffectGraphs":true,"m_FxEnabled":true},"in2DMode":false,"pivot":{"x":-9.999998092651368,"y":0.9520359039306641,"z":-13.524500846862793},"rotation":{"x":-0.013336626812815667,"y":0.9782357811927795,"z":-0.19627131521701814,"w":-0.06642340868711472},"size":1.9439057111740113,"orthographic":false}