{"cameraMode":{"drawMode":0,"name":"Shaded","section":"Shading Mode"},"sceneLighting":false,"audioPlay":false,"sceneViewState":{"m_AlwaysRefresh":false,"showFog":true,"showSkybox":false,"showFlares":true,"showImageEffects":true,"showParticleSystems":true,"showVisualEffectGraphs":true,"m_FxEnabled":true},"in2DMode":false,"pivot":{"x":-0.13291937112808228,"y":1.8984041213989258,"z":-0.022757917642593385},"rotation":{"x":-0.22049474716186524,"y":-0.0008782269433140755,"z":0.0002037075173575431,"w":-0.9754438996315002},"size":2.242090940475464,"orthographic":false}