{"cameraMode":{"drawMode":0,"name":"Shaded","section":"Shading Mode"},"sceneLighting":false,"audioPlay":false,"sceneViewState":{"m_AlwaysRefresh":false,"showFog":true,"showSkybox":false,"showFlares":true,"showImageEffects":true,"showParticleSystems":true,"showVisualEffectGraphs":true,"m_FxEnabled":true},"in2DMode":false,"pivot":{"x":-2.9999964237213136,"y":0.8453043699264526,"z":-8.698739051818848},"rotation":{"x":-0.013336626812815667,"y":0.9782357811927795,"z":-0.19627131521701814,"w":-0.06642340868711472},"size":1.4804179668426514,"orthographic":false}