{"cameraMode":{"drawMode":0,"name":"Shaded","section":"Shading Mode"},"sceneLighting":false,"audioPlay":false,"sceneViewState":{"m_AlwaysRefresh":false,"showFog":true,"showSkybox":false,"showFlares":true,"showImageEffects":true,"showParticleSystems":true,"showVisualEffectGraphs":true,"m_FxEnabled":true},"in2DMode":false,"pivot":{"x":0.17386499047279359,"y":-0.14989468455314637,"z":0.3088279366493225},"rotation":{"x":0.13789257407188416,"y":0.6362473368644714,"z":-0.11696044355630875,"w":0.7500395178794861},"size":0.7086899280548096,"orthographic":false}