{"cameraMode":{"drawMode":0,"name":"Shaded","section":"Shading Mode"},"sceneLighting":true,"audioPlay":false,"sceneViewState":{"m_AlwaysRefresh":false,"showFog":true,"showSkybox":true,"showFlares":true,"showImageEffects":true,"showParticleSystems":true,"showVisualEffectGraphs":true,"m_FxEnabled":true},"in2DMode":false,"pivot":{"x":0.1577698290348053,"y":31.718502044677736,"z":244.32745361328126},"rotation":{"x":0.027288399636745454,"y":-0.040171656757593158,"z":0.0010636762017384172,"w":0.9989336729049683},"size":6.3881635665893559,"orthographic":false}