{"cameraMode":{"drawMode":0,"name":"Shaded","section":"Shading Mode"},"sceneLighting":false,"audioPlay":false,"sceneViewState":{"m_AlwaysRefresh":false,"showFog":true,"showSkybox":false,"showFlares":true,"showImageEffects":true,"showParticleSystems":true,"showVisualEffectGraphs":true,"m_FxEnabled":true},"in2DMode":false,"pivot":{"x":0.03668677806854248,"y":0.2769974172115326,"z":-0.055721163749694827},"rotation":{"x":-0.22049474716186524,"y":-0.0008782269433140755,"z":0.0002037075173575431,"w":-0.9754438996315002},"size":2.088693380355835,"orthographic":false}