{"cameraMode":{"drawMode":0,"name":"Shaded","section":"Shading Mode"},"sceneLighting":false,"audioPlay":false,"sceneViewState":{"m_AlwaysRefresh":false,"showFog":true,"showSkybox":false,"showFlares":true,"showImageEffects":true,"showParticleSystems":true,"showVisualEffectGraphs":true,"m_FxEnabled":true},"in2DMode":false,"pivot":{"x":1519.0477294921875,"y":1582.7991943359375,"z":-93.86734008789063},"rotation":{"x":0.014666865579783917,"y":-0.05636684596538544,"z":-0.0008256115252152085,"w":-0.9983087778091431},"size":379.2228698730469,"orthographic":false}